lemma	tag	token	macron	source
ἄβατον	a-s---na-	ἄβατος	^3	
ἄβατον	a-s---fa-	ἄβατος	^3	
ἄβατος	a-s---mn-	ἄβατος	^3	
ἀγαθὸς	a-s---mn-	ἀγαθός	^1^3	
ἀγαθός	a-s---mn-	ἀγαθός	^1^3	
ἄγαλμα	n-s---nv-	ἄγαλμα	^1^3^6	
ἄγαλμα	n-s---nn-	ἄγαλμα	^1^3^6	
ἄγαλμα	n-s---na-	ἄγαλμα	^1^3^6	
ἄγαμαι	v1spie---	ἄγαμαι	^3	
ἄγκαθεν	d--------	ἄγκαθεν	^4	
ἀγκάλη	n-s---fd-	ἀγκάλη	^4	
ἄγκυρα	n-s---fn-	ἄγκυρα	_4	
ἀγοραῖος	a-s---mn-	ἀγοραῖος	^1	
ἀγορεύω	v1spia---	ἀγορεύω	^1	
ἄγρα	n-s---fn-	ἄγρα	^1_4	
ἄγυρις	n-s---fn-	ἄγυρις	^1^3	
ἀγύρτης	n-s---mn-	ἀγύρτης	^3	
ἀγύρτρια	a-s---fn-	ἀγύρτριος	^3	
ἄγχι	r--------	ἄγχι	^4	
ἀγύρτης	a-s---fn-	ἀγύρτης	^3	
ἄγω	v1spsa---	ἄγω	^1	
ἄγω	v1spia---	ἄγω	^1	
ἀγών	n-s---mn-	ἀγών	^1	
ἀγών	v-sppamn-	ἀγών	^1	
ἀδαής	a-s---mn-	ἀδαής	^3	
ἀδάκρυτος	a-s---fn-	ἀδάκρυτος	_6	
ἄδακρυς	a-s---mn-	ἄδακρυς	^6	
ἀδάματος	a-s---mn-	ἀδάματος	^5	
ἀδάματος	a-s---fn-	ἀδάματος	^5	
ἀδελφός	n-s---mn-	ἀδελφός	^1	
ἄδικος	a-s---fn-	ἄδικος	^3	
ἄδικος	a-s---mn-	ἄδικος	^3	
ἁδύπολις	a-s---mn-	ἁδύπολις	^3	
ἀδύνατος	a-s---fn-	ἀδύνατος	^1^3^5	
ἄζυγος	n-s---fg-	ἄζυξ	^3	
ἀθυμία	n-s---fn-	ἀθυμία	_3	
ἀθυρόστομος	a-s---fn-	ἀθυρόστομος	^3	
ἀθυρόγλωσσος	a-s---mn-	ἀθυρόγλωσσος	^3	
ἄθυμος	a-s---mn-	ἄθυμος	_3	
Αἴας	n-s---mn-	Αἴας	_3	
Αἴας	n-s---mn-	αἴας	_3	
Αἴας	n-s---mv-	αἴας	_3	
Αἴας	n-s---mv-	Αἴας	_3	
Αἴγινα	n-s---fn-	αἴγινα	_4	
αἰνόγαμος	a-s---fn-	αἰνόγαμος	^6	
αἰσχύνη	n-s---fn-	αἰσχύνη	_5	
αἰχμάλωτος	a-s---fn-	αἰχμάλωτος	^5	
αἰχμάλωτος	a-s---mn-	αἰχμάλωτος	^5	
ἀκήρατος	a-s---mn-	ἀκήρατος	^5	
ἀκόλαστος	a-s---mn-	ἀκόλαστος	^5	
ἄκος	n-s---nn-	ἄκος	^1	
ἄκος	n-s---na-	ἄκος	^1	
ἄκρατος	a-s---mn-	ἄκρατος	_4	
ἀκρατής	a-s---fg-	ἀκρατής	^1^4	
ἀκριτόφυρτος	a-s---fn-	ἀκριτόφυρτος	^4	
ἄκριτος	a-s---mn-	ἄκριτος	^4	
ἀκροθίνιον	a-s---na-	ἀκροθίνιος	_6	
ἀκύμων	a-s---mn-	ἀκύμων	_3	
ἀκύμων	a-p---mg-	ἀκύμων	_3	
ἀλάστορος	n-s---mg-	ἀλάστωρ	^3	
ἀλάστωρ	n-s---mn-	ἀλάστωρ	^1^3	
ἀλέκτωρ	n-s---mn-	ἀλέκτωρ	^1	
ἅλιος	d--------	ἅλιος	_1^3	
ἅλις	d--------	ἅλις	^3	
ἄλκαρ	n-s---mn-	ἄλκαρ	^4	
ἄλκαρ	n-s---nn-	ἄλκαρ	^4	
ἄλκιμος	a-s---mn-	ἄλκιμος	^4	
ἄλυπος	a-s---mn-	ἄλυπος	_3	
ἄλυρος	a-s---mn-	ἄλυρος	^3	
ἁλώσιμος	a-s---fn-	ἁλώσιμος	^5	
ἅμα	u--------	ἅμα	^3	
ἅμα	r--------	ἅμα	^3	
ἅμα	d--------	ἅμα	^3	
ἀμαθία	n-s---fd-	ἀμαθίον	^3	
ἁμαρτάνω	v1spia---	ἁμαρτάνω	^1^3^6	
ἀμαρτύρητος	a-s---mn-	ἀμαρτύρητος	^6	
ἄμαχος	a-s---mn-	ἄμαχος	^3	
ἄμαχος	a-s---fn-	ἄμαχος	^3	
ἀμήχανος	a-s---mn-	ἀμήχανος	^5	
ἀμήχανος	a-s---fn-	ἀμήχανος	^5	
ἀναμπλάκητος	a-s---mn-	ἀναμπλάκητος	^7	
ἄναξ	n-s---mn-	ἄναξ	^1	
ἄναξ	u--------	ἄναξ	^1	
ἄναξ	n-s---mv-	ἄναξ	^1	
ἀνάριθμος	a-s---fn-	ἀνάριθμος	^3	
ἄνασσα	n-s---fv-	ἄνασσα	^1^6	
ἄνασσα	u--------	ἄνασσα	^1^6	
ἄνασσα	n-s---fn-	ἄνασσα	^1^6	
ἀνάστασις	n-s---fn-	ἀνάστασις	^6	
ἀνάστατος	a-s---mn-	ἀνάστατος	^6	
ἄνατος	a-s---fn-	ἄνατος	_3	
ἄνατος	a-s---mn-	ἄνατος	_3	
ἄνεμος	n-s---mn-	ἄνεμος	^1	
ἀνήρ	n-s---mn-	ἀνήρ	^1	
ἀνήρ	u--------	ἀνήρ	^1	
ἀνίερος	a-s---fn-	ἀνίερος	^3	
ἀνόμματος	a-s---mg-	ἀνόμματος	^6	
ἀντάλλαγμα	n-s---nn-	ἀντάλλαγμα	^7	
ἀνταμείβομαι	v1spie---	ἀνταμείβω	^4	
ἀντίδικος	a-s---mn-	ἀντίδικος	^6	
ἄντικρυς	d--------	ἄντικρυς	^4^7	
ἀντίπαλος	a-s---mn-	ἀντίπαλος	^6	
ἀνυμέναιος	a-s---mn-	ἀνυμέναιος	^3	
ἄνυσις	n-s---fn-	ἄνυσις	^3	
ἄνωθεν	d--------	ἄνωθεν	^1	
ἄνωθεν	r--------	ἄνωθεν	^1	
ἀνώνυμος	a-s---mn-	ἀνώνυμος	^5	
ἀνώνυμος	a-s---fn-	ἀνώνυμος	^5	
ἄπαγε	v2spma---	ἀπάγω	^3	
ἀπαλέξαι	v2sasm---	ἀπαλέγω	^3	
ἀπαλλαγή	u--------	ἀπαλλαγή	^6	
ἀπαλλαγή	n-s---fn-	ἀπαλλαγή	^6	
ἁπανταχοῦ	d--------	ἁπανταχοῦ	^6	
ἅπας	a-s---mn-	ἅπας	_3	
ἀπέδιλος	v-sppamn-	ἀπέδιλοω	_5	
ἄπειρος	a-s---fn-	ἄπειρος	^1	
ἄπειρος	a-s---mn-	ἄπειρος	^1	
ἀπείρων	a-s---mn-	ἀπείρων	^1	
ἀπέρατος	a-s---mn-	ἀπέρατος	_5	
ἀπήνη	v3saip---	ἀπήνη	^1	
ἀπήνη	n-s---fn-	ἀπήνη	^1	
ἄπλατος	a-s---fn-	ἄπλατος	_4	
ἄποινα	u--------	ἄποινα	^1	
ἄποινα	n-p---na-	ἄποινα	^1	
ἀποτίβατος	a-s---fn-	ἀπρόσβατος	^7	
ἀπροφάσιστος	a-s---mn-	ἀπροφάσιστος	^6	
ἄπυρος	a-s---mn-	ἄπυρος	^3	
ἄρα	d--------	ἄρα	^3	
ἄρα	u--------	ἄρα	^3	
ἄρα	g--------	ἄρα	^3	
ἄρα	g--------	ἆρα	^3	
ἄρα	d--------	ἆρα	^3	
ἀραρότως	d--------	ἀραρότως	_3	
ἀραρότως	d--------	ἀραρότος	_3	
Ἀργαδῆς	n-s---mn-	Ἀργαδῆς	^4	
ἀρβύλη	n-s---fn-	ἀρβύλη	^4	
Ἄργος	n-s---nv-	ἄργος	^1	
Ἄργος	n-s---na-	ἄργος	^1	
Ἄργος	n-s---nn-	ἄργος	^1	
ἀργός	n-s---nn-	ἀργός	^1	
Ἄργος	u--------	Ἄργος	^1	
ἄργυρος	n-s---mn-	ἄργυρος	^4	
ἄρδην	d--------	ἄρδην	_1	
ἄρηξις	n-s---fn-	ἄρηξις	^1	
ἀριθμός	n-s---mn-	ἀριθμός	^1^3	
ἀριθμὸς	n-s---mn-	ἀριθμός	^1^3	
ἄρκυς	n-s---fn-	ἄρκυς	^4	
ἄρνυμαι	v1spie---	ἄρνυμαι	^4	
ἄρα	n-s---fg-	ἄρος	^3	
ἄρα	n-s---fn-	ἄρος	^3	
ἀρτίκολλος	a-s---mn-	ἀρτίκολλος	_4	
ἀρτίπους	n-s---mn-	ἀρτίπους	^4	
ἀρτίφρων	a-s---mn-	ἀρτίφρων	^4	
ἀρωγός	a-s---mn-	ἀρωγός	^1	
ἄσιτος	a-s---mn-	ἄσιτος	_3	
ἄσιτος	a-s---fn-	ἄσιτος	_3	
ἀσπιδηφόρος	a-s---mn-	ἀσπιδηφόρος	^4	
ἀσπιδοῦχος	a-s---mn-	ἀσπιδοῦχος	^4	
ἀστήρ	n-s---mn-	ἀστήρ	^1	
ἄστυ	n-s---nn-	ἄστυ	^4	
ἄστυ	n-s---nv-	ἄστυ	^4	
ἄστυ	n-s---na-	ἄστυ	^4	
ἄσυλος	a-s---mn-	ἄσυλος	_3	
ἀσφάλεια	n-s---fd-	ἀσφάλεια	^1^4^8	
ἄταφος	a-s---fn-	ἄταφος	^3	
ἄταφος	a-s---mn-	ἄταφος	^3	
ἄτερ	r--------	ἄτερ	^1	
ἄτερ	u--------	ἄτερ	^1	
ἅτερος	a-s---mn-	ἅτερος	^1	
ἀτίετος	a-s---mn-	ἀτίετος	^3	
ἄτιμος	a-s---mn-	ἄτιμος	_3	
ἄτιμος	a-s---fn-	ἄτιμος	_3	
ἀτρέμα	d--------	ἀτρέμας	^6	
αὐτανέψιος	a-s---mn-	αὐτανέψιος	^4	
αὐτίκα	d--------	αὐτίκα	^4^6	
αὐτόμαρτυς	a-s---mn-	αὐτόμαρτυς	^9	
αὐτόσσυτος	a-s---mn-	αὐτόσσυτος	^7	
ἄφαρ	d--------	ἄφαρ	^1^3	
ἀφασία	n-s---fd-	ἀφασία	^3	
ἀφασία	n-s---fn-	ἀφασία	^3	
ἄφατος	n-s---mn-	ἄφας	^3	
ἄφιλος	a-s---fn-	ἄφιλος	^3	
ἄφιλος	a-s---mn-	ἄφιλος	^3	
Ἀφροδίτη	n-s---fn-	ἀφροδίτη	_6	
ἄχαρις	a-s---mn-	ἄχαρις	^3	
ἀχάριστος	a-s---mn-	ἀχάριστος	^3	
ἄχος	n-s---nn-	ἄχος	^1	
ἄχος	n-s---na-	ἄχος	^1	
βάθος	u--------	βάθος	^2	
βάθος	n-s---na-	βάθος	^2	
βαθύς	a-s---mn-	βαθύς	^2^4	
βάλλω	v1spia---	βάλλω	^2	
βάρβαρος	a-s---fn-	βάρβαρος	^5	
βάρβαρος	a-s---mn-	βάρβαρος	^5	
βάρος	n-s---na-	βάρος	^2	
βάρος	n-s---nn-	βάρος	^2	
βάρος	u--------	βάρος	^2	
βαρύκοτος	a-s---fn-	βαρύκοτος	^2^4	
βαρυδότειρα	a-s---fn-	βαρυδότειρος	^2^4	
βαρύδικος	a-s---fn-	βαρύδικος	^6	
βαρυδότειρα	a-s---fn-	βαρυδότειρα	^2^4	
βαρύς	a-s---mn-	βαρύς	^2^4	
βαρύς	u--------	βαρύς	^2^4	
βασιλεία	n-s---fn-	βασιλεία	^2_8	
βασίλεια	n-s---fv-	βασίλεια	^2^8	
βασίλεια	n-s---fn-	βασίλεια	^2^8	
βασίλεια	u--------	βασίλεια	^2^8	
βασίλεια	n-p---nn-	βασίλειον	^2^8	
βασίλειον	a-s---na-	βασίλειος	^2	
βασίλειος	a-s---mn-	βασίλειος	^2	
βασιλεύς	n-s---mn-	βασιλεύς	^2^4	
βάσις	n-s---fn-	βάσις	^2	
βία	n-s---fd-	βία	^2_3	
βία	n-s---fn-	βία	^2_3	
βιαστέον	a-s---nn-	βιαστέος	^2	
βιόδωρος	a-s---mn-	βιόδωρος	^2	
βίος	n-s---mn-	βίος	^2	
βίοτος	n-s---mn-	βίοτος	^2	
βιωτός	n-s---mg-	βιωτός	^2	
βλάβη	u--------	βλάβη	^3	
βλάβη	n-s---fn-	βλάβη	^3	
βλάβη	n-s---fd-	βλάβη	^3	
βλάβος	n-s---na-	βλάβος	^3	
βλάβος	n-s---nn-	βλάβος	^3	
βλέφαρον	n-s---nv-	βλέφαρον	^5	
βλέφαρον	n-s---na-	βλέφαρον	^5	
βλέφαρον	n-s---nn-	βλέφαρον	^5	
βόαμα	n-s---na-	βόαμας	_3	
βόστρυχος	n-s---mn-	βόστρυχος	^6	
βούκρανος	a-s---mn-	βούκρανος	_6	
βραβεύς	v-sppamn-	βραβεύς	^3	
βραδύς	a-s---mn-	βραδύς	^3	
βραχίων	a-s---mnc	βραχίων	^3	
βραχίων	a-s---mv-	βραχίων	^3	
βυθός	n-s---mn-	βυθός	^2	
γα	n-p---na-	γα	^2	
γάγγαμον	n-s---ma-	γάγγαμος	^5	
γάλα	n-s---na-	γάλα	^2^4	
γάμος	n-s---mn-	γάμος	^2	
γάνος	n-s---na-	γάνος	^2	
γάνος	n-s---fg-	γάνος	^2	
γάνυμαι	v1spie---	γάνυμαι	^4	
γάνος	n-s---mg-	γάνος	^2	
γάρ	d--------	γάρ	^2	
γάρ	n-s---mn-	γάρ	^2	
γάρ	g--------	γάρ	^2	
γάρ	u--------	γάρ	^2	
γελαστής	v2spsa---	γελαστής	^4	
γέλασμα	n-s---nn-	γέλασμα	^4	
γέννα	n-s---fd-	γέννα	^5	
γέννα	n-s---fn-	γέννα	^5	
γένυς	n-s---fn-	γένυς	^4	
γέρας	n-s---nn-	γέρας	^4	
γέρας	u--------	γέρας	^4	
γέρας	n-s---na-	γέρας	^4	
γήρυμα	n-s---na-	γήρυμα	_4	
γιγνώσκω	v1spia---	γιγνώσκω	^2	
γλυκύς	a-s---mn-	γλυκύς	^3^5	
γνάθος	n-s---fn-	γνάθος	^3	
γόνυ	n-s---nn-	γόνυ	^4	
γόνυ	n-s---na-	γόνυ	^4	
γραφεύς	n-s---mn-	γραφεύς	^3	
γύαλον	n-s---na-	γύαλον	^3	
γύαλον	n-s---nv-	γύαλον	^3	
γυνή	n-s---fn-	γυνή	^2	
δαΐ	n-s---fd-	δαΐ	^2	
δαϊόφρων	a-s---fn-	δαϊόφρων	_2	
δακέθυμος	a-s---fn-	δακέθυμος	^2_6	
δάκρυ	u--------	δάκρυ	^2^5	
δάκρυ	n-s---na-	δάκρυον	^2^5	
δάκρυ	n-p---na-	δάκρυον	^2^5	
δάκρυ	n-s---nn-	δάκρυον	^2^5	
δακρυχέων	v-sppamn-	δακρυχέω	^5	
δάμαρ	n-s---fv-	δάμαρ	^2^4	
δάμαρ	n-s---fn-	δάμαρ	^2^4	
Δαναοί	n-p---mv-	δαναοί	^2	
δαπάνα	n-p---na-	δαπάνον	^2^4	
Δαρειογενής	a-s---mn-	Δαρειογενής	_2	
Δαρεῖος	n-s---mn-	δαρεῖος	_2	
Δαρεῖος	a-s---mn-	δαρεῖος	_2	
δέκα	a--------	δέκα	^4	
δέκα	m--------	δέκα	^4	
διάλυσις	n-s---fn-	διάλυσις	^5	
διάνδιχα	d--------	διάνδιχα	^6	
διάνοια	n-s---fn-	διάνοια	^7	
διαπρύσιος	a-s---mn-	διαπρύσιος	^6	
δίβαμος	a-s---mn-	δίβαμος	_4	
διδάσκαλος	n-s---mn-	διδάσκαλος	^2^4^7	
δίδωμι	v1spia---	δίδωμι	^2	
δικαία	a-p---na-	δίκαιος	^2	
δίκαιος	a-s---mn-	δίκαιος	^2	
δίκη	n-s---fd-	δίκη	^2	
δίκη	u--------	δίκη	^2	
δίκη	n-s---fn-	δίκη	^2	
δίκτυον	n-s---na-	δίκτυον	^5	
διόδους	n-p---fa-	διόδους	^2	
Διόθεν	d--------	διόθεν	^2	
Διόνυσος	n-s---mn-	Διόνυσος	^2_5	
Διόσκοροι	a-p---fn-	Διόσκορος	^2	
Διόσκοροι	n-p---mn-	Διόσκορος	^2	
δίπαλτος	a-s---mn-	δίπαλτος	^2	
δίπτυχος	a-s---fn-	δίπτυχος	^5	
δίχα	r--------	δίχα	^2^4	
δίχα	d--------	δίχα	^2^4	
διχόθεν	d--------	διχόθεν	^2	
διχήρης	a-s---fn-	διχήρης	^2	
διώδυνος	a-s---mn-	διώδυνος	^5	
δολιόπους	a-s---mn-	δολιόπους	^4	
δόκιμος	a-s---mn-	δόκιμος	^4	
δόξα	n-s---fn-	δόξα	^4	
δοριθήρατος	a-s---fn-	δοριθήρατος	^4_8	
δοριάλωτος	a-s---fn-	δοριάλωτος	^4	
δορίκτητος	n-s---fg-	δορίκτης	^4	
δορίμαργος	n-s---fg-	δορίμαργος	^4	
δορίληπτος	a-s---mn-	δορίληπτος	^4	
δρακών	n-s---mn-	δρακών	^3	
δράκων	n-s---mn-	δράκων	^3	
δραμεῖν	v--pna---	δραμέω	^3	
δραμοῦμαι	v1spie---	δραμοῦμαι	^3	
δραπέτης	n-s---mn-	δραπέτης	_3	
δρυμός	n-s---mn-	δρυμός	_3	
δύη	n-s---fn-	δύη	^2	
δύναμαι	v1spie---	δύναμαι	^2^4	
δύναμις	n-s---fn-	δύναμις	^2^4^6	
δύνασις	n-s---fn-	δύνασις	^4	
δυνατός	a-s---mn-	δυνατός	^2^4	
δυσαίων	a-p---mg-	δυσαῖος	^2	
δυσάλγητος	a-s---mn-	δυσάλγητος	^2	
δυσάλωτος	a-s---mn-	δυσάλωτος	^2^4	
δύσβατος	a-s---fn-	δύσβατος	^2^5	
δυσείματος	n-s---ng-	δυσεῖμα	^2^7	
δύσελπις	a-s---fn-	δύσελπις	^2	
δύσθυμος	a-s---fn-	δύσθυμος	^2_5	
δυσκάθαρτος	a-s---mn-	δυσκάθαρτος	^2	
δυσίατος	a-s---fn-	δυσίατος	^2_4_5	
δυσκέλαδος	a-s---fn-	δυσκέλαδος	^7	
δυσμαχητέον	a-s---nn-	δυσμαχητέος	^5	
δυσοίζω	v1spia---	δυσοίζω	^2	
δυσόμιλος	a-s---fn-	δυσόμιλος	^2	
δύσορνις	n-s---fn-	δύσορνις	^2	
δύσορμος	a-s---fn-	δύσορμος	^2	
δύσοργος	a-s---mn-	δύσοργος	^2	
δυσπάλαιστος	a-s---mn-	δυσπάλαιστος	^5	
δυσπρόσιτος	a-s---mn-	δυσπρόσιτος	^8	
δυστάλας	a-p---ma-	δυστάλας	_7	
δυστάλας	---------	δυστάλες	_7	
δύστανος	a-s---mn-	δύστανος	_5	
δύστανος	a-s---fv-	δύστηνος	_5	
δύστανος	a-s---mn-	δύστηνος	_5	
δύστανος	a-s---fn-	δύστηνος	_5	
δυστράπελος	a-s---mn-	δυστράπελος	^6	
δυστυχής	u--------	δυστυχής	^5	
δυστυχής	a-s---mn-	δυστυχής	^5	
δυστυχία	u--------	δυστυχία	^5	
δυστυχία	n-s---fn-	δυστυχία	^5	
δυσώδης	a-s---mn-	δυσώδης	^2	
δυσώνυμος	a-s---mn-	δυσώνυμος	^2^6	
δωδέκατος	a-s---mn-	δωδέκατος	^6	
ἔα	v2spma---	ἔα	_2	
ἅτερος	a-s---mn-	ἐἅτερος	^1	
ἐατέος	a-s---mn-	ἐατέος	_2	
ἔα	v3spia---	ἐάω	_2	
ἔα	v2spma---	ἐάω	_2	
ἐγγύς	d--------	ἐγγύς	^4	
ἐγγύς	r--------	ἐγγύς	^4	
ἔδρακον	v1siia---	ἔδρακον	^4	
ἕδρανον	n-s---na-	ἕδρανω	^4	
ἔα	a-p---nn-	εἰμί	_2	
ἴθι	v2spma---	εἶμι	^3	
εἰσάγω	v1spia---	εἰσάγω	^4	
εἰσόπιν	n-s---fa-	εἰσόπι	^6	
ἕκαθεν	d--------	ἕκαθεν	^3	
ἔκβασις	n-s---fn-	ἔκβασις	^4	
ἔκδικος	a-s---mn-	ἔκδικος	^4	
ἕκατι	r--------	ἕκητι	_3	
ἕκατι	d--------	ἕκητι	_3	
ἔκκριτος	a-s---mn-	ἔκκριτος	^5	
ἐκπέραμα	n-s---na-	ἐκπέραμα	_6	
ἔκριν	v3siia---	ἔκριν	_4	
ἐκτάδην	d--------	ἐκτάδαν	^4	
ἐκτάδην	d--------	ἐκτάδη	^4	
ἐλάτης	n-s---fg-	ἐλάτη	^3	
ἔλαφος	n-s---fn-	ἔλαφος	^3	
ἔμβα	a-p---na-	ἔμβα	_4	
ἐμβιβάζω	v1spia---	ἐμβιβάζω	^4	
ἔμπας	d--------	ἔμπας	_4	
ἔμπαλιν	d--------	ἔμπαλιν	^4	
ἔμπυρος	a-s---mn-	ἔμπυρος	^4	
ἐμφανής	a-s---mn-	ἐμφανής	^4	
ἐμφανής	a-s---fn-	ἐμφανής	^4	
ἔμψυχος	a-s---fn-	ἔμψυχος	_4	
ἔνατος	a-s---mn-	ἔνατος	^3	
ἔνδικος	a-s---fn-	ἔνδικος	^4	
ἔνδικος	a-s---mn-	ἔνδικος	^4	
ἔνθα	d--------	ἔνθα	^4	
ἐνθάκησις	n-s---fn-	ἐνθάκησις	_4	
ἔνθαπερ	d--------	ἔνθαπερ	^4	
ἐννέα	m--------	ἐννέα	^5	
ἐννύχιος	a-s---mn-	ἐννύχιος	^4	
ἔννυχος	a-s---fn-	ἔννυχος	^4	
ἔννυχος	a-s---mn-	ἔννυχος	^4	
ἐνιδεῖν	v--ana---	ἐνοράω	^3	
ἔντιμος	a-s---fn-	ἔντιμος	_4	
ἔντιμος	a-s---mn-	ἔντιμος	_4	
Ἐνυάλιος	n-s---mn-	ἐνυάλιος	_3^4	
Ἐνυώ	v1spia---	Ἐνυώ	_3	
ἐξακοντίζω	v1spia---	ἐξακοντίζω	^3	
ἐξόμιλος	n-s---fn-	ἐξόμιλος	_5	
ἐξύφασμα	n-s---na-	ἐξύφασμα	^3	
ἔπαθον	v1siia---	ἔπαθον	^3	
ἐπαΐω	v1spia---	ἐπαίω	_3	
ἐπακούω	v1spia---	ἐπακούω	^3	
ἐπαρωγός	n-s---mn-	ἐπαρωγός	^3	
Ἔπαφος	a-s---mn-	Ἔπαφος	^3	
ἐπενδίδωμι	v1spia---	ἐπενδγίδωμι	^6	
ἐπιδεῖν	v--pna---	ἐπιδάω	^3	
ἐπίκρανον	a-s---na-	ἐπίκρανος	_6	
ἐπίσσυτος	a-s---mn-	ἐπίσσυτος	^6	
ἐπίσταμαι	v1spie---	ἐπίσταμαι	^6	
ἐπιστάτης	n-s---mn-	ἐπιστάτης	^6	
ἑπτά	m--------	ἑπτά	^4	
ἐπώνυμος	a-s---mn-	ἐπώνυμος	^5	
ἐπώνυμος	a-s---fn-	ἐπώνυμος	^5	
ἔραται	v3spie---	ἔραμαι	_3	
ἔραμαι	v1spie---	ἔραμαι	^3	
ἐργαστέον	a-s---nn-	ἐργαστέος	^4	
ἐρίδματος	n-s---ng-	ἐρίδμα	_6	
Ἐρινύς	n-s---fn-	ἐρινύς	_3	
ἐρύθημα	n-s---na-	ἐρύθημα	^3	
ἔρυμα	n-s---na-	ἔρυμα	^3	
ἤλυθον	v3paia---	ἔρχομαι	^3	
ἤλυθον	v1saia---	ἔρχομαι	^3	
ἕστακα	v1sria---	ἕστακα	^4	
ἔσχατος	a-s---mn-	ἔσχατος	^4	
ἐτήτυμος	a-s---fn-	ἐτήτυμος	^5	
ἐτήτυμος	a-s---mn-	ἐτήτυμος	^5	
ἔτυμος	a-s---mn-	ἔτυμος	^3	
ἔτυμος	a-s---mg-	ἔτυμος	^3	
εὔβατος	a-s---mn-	εὔβατος	^4	
εὐθήρατος	a-s---mn-	εὐθήρατος	_6	
εὔτριχος	a-s---fg-	εὔθριξ	^5	
εὔθυνος	a-s---mn-	εὔθυνος	_4	
εὐκέλαδος	n-s---fg-	εὐκέλας	^6	
εὐνατήριον	a-s---na-	εὐνατήριος	_4	
εὔπατρις	n-s----n-	εὔπατρις	^4	
εὐπιθής	n-s---fg-	εὐπιθής	^4	
εὔρις	v-sapamn-	εὔρις	_4	
εὔρινος	a-s---mn-	εὔρινος	_4	
εὔτυκος	a-s---mn-	εὔτυκος	^4	
εὐτυχία	n-s---fn-	εὐτυχία	^4^6_7	
εὔχαρις	v3spia---	εὔχαρις	^4^6	
εὔχαρις	n-p---fa-	εὔχαρις	^4^6	
ἔφα	v3siia---	ἔφα	_3	
εὔψυχος	a-s---mn-	εὔψυχος	_4	
ἐφίμερος	a-s---fn-	ἐφίμερος	_3	
ἔφλαδον	d--------	ἔφλαδον	^4	
ζυγόν	n-s---na-	ζυγόν	^2	
ζυγόν	n-s---ma-	ζυγόν	^2	
ζυγόν	n-s---ma-	ζυγός	^2	
ἡδονά	n-s---fa-	ἡδονά	_5	
ἥλιος	n-s---mn-	ἥλιος	^3	
ἥμισυς	a-s---mn-	ἥμισυς	^3	
ἡνίκα	c--------	ἡνίκα	^5	
ἡνίκα	d--------	ἡνίκα	^5	
ἥπατος	n-s---ng-	ἥπα	^3	
ἥπατος	n-s---ng-	ἥπατος	^3	
ἤπιος	a-s---mn-	ἤπιος	^3	
ἡσυχία	n-s---fn-	ἡσυχία	^3	
ἥσυχος	a-s---mn-	ἥσυχος	^3	
ἥσυχος	a-s---fn-	ἥσυχος	^3	
θάκημα	n-s---na-	θάκημα	_2	
θαλάμευμα	n-s---nv-	θαλάμευμα	^2^4	
θάλασσα	n-s---fn-	θάλασσα	^2^4^7	
θαλασσία	a-s---fn-	θαλασσῖος	^2	
θαλάσσιος	a-s---mn-	θαλάσσιος	^2	
θαμά	d--------	θαμά	^2	
θανάσιμος	a-s---fn-	θανάσιμος	^2^4^6	
θάνατος	n-s---mn-	θάνατος	^2^4	
θάπτω	v1spia---	θάπτω	^2	
θέα	n-s---fn-	θέα	_3	
θέα	n-s---fv-	θέα	_3	
θέαμα	n-s---na-	θέαμα	_3	
θέαμα	n-s---nn-	θέαμα	_3	
θεατός	a-s---mn-	θεατός	_3	
θεήλατος	a-s---fn-	θεήλατος	^5	
θεοτίμητος	n-s---mn-	θεοτίμητος	_5	
θεόσυτος	a-s---fn-	θεόσυτος	^5	
θεράπευμα	n-s---na-	θεράπευμα	^4	
θεραπεύω	v1spia---	θεραπεύω	^4	
θεράπων	n-s---mn-	θεράπων	^4	
θεσφατηλόγος	a-s---fn-	θεσφατηλόγος	^5	
θέσφατος	a-s---mg-	θέσφατος	^5	
θήραμα	n-s---nv-	θήραμα	_4	
θίασος	n-s---mn-	θίασος	^2^3	
θοινατήριον	a-s---fa-	θοινατήριος	_5	
θόρυβος	n-s---mn-	θόρυβος	^4	
θράσος	n-s---nn-	θράσος	^3	
θράσος	u--------	θράσος	^3	
θράσος	n-s---na-	θράσος	^3	
θρασύς	a-s---mn-	θρασύς	^3	
θρασύστομος	a-s---fn-	θρασύστομος	^3	
τρίχα	n-s---fa-	θρίξ	^5	
τρίχα	n-s---fn-	θρίξ	^5	
ἔθρισεν	v3saia---	θρίω	^4	
θυγάτηρ	n-s---fn-	θυγάτηρ	^2	
θυμαλγής	a-s---mn-	θυμαλγής	_2	
θυμόμαντις	n-s---mn-	θυμόμαντις	_2	
θυμός	n-s---mn-	θυμός	_2	
θύραθεν	d--------	θύραθεν	^2_4	
θύρασιν	n-p---fd-	θύρας	^2_4	
θύρασι	n-p---fd-	θύρασ	^2_4	
θύρετρα	n-p---na-	θύρετρα	^2^7	
θυροκόπος	a-s---fn-	θυροκόπος	^2	
θυτήρ	n-s---mn-	θυτήρ	^2	
θυτήριον	a-s---nn-	θυτήριος	^2	
ἰάλεμος	n-s---mn-	ἰάλεμος	_2	
ἰατρόμαντις	n-s---mn-	ἰατρόμαντις	_2	
ἰατρός	n-s---mn-	ἰατρός	_1_2	
ἵδρυμα	n-s---na-	ἵδρυμα	_4	
ἱδρυτέον	a-s---nn-	ἱδρυτέον	_4	
ἱερεύς	n-s---mn-	ἱερεύς	^1	
ἱερός	u--------	ἱερός	^1	
ἴλα	n-s---fn-	ἴλα	_3	
ἵμερος	n-s---mn-	ἵμερος	_1	
ἵνα	c--------	ἵνα	^1^3	
ἵνα	d--------	ἵνα	^1^3	
ἵππος	n-s---mn-	ἵππος	^1	
ἴς	n-s---fa-	ἴς	_1	
ἰσοτριβής	a-s---fn-	ἰσοτριβής	^6	
κα	g--------	κα	_2	
κατά	v2sama---	καθά	^2^4	
κατά	a-s---fn-	καθά	^2^4	
κατά	a-s---na-	καθά	^2^4	
καθαρμός	n-s---mn-	καθαρμός	^2	
καθαρός	a-s---mn-	καθαρός	^2^4	
καθάρσιος	a-s---mn-	καθάρσιος	^2	
καθάρσιος	n-s---fg-	καθάρσις	^2	
κακόμαντις	n-s---fn-	κακόμαντις	^2	
κακόμητις	a-s---mn-	κακόμητις	^2^8	
κακός	u--------	κακός	^2	
κακός	a-s---mn-	κακός	^2	
κακοῦργος	a-s---mn-	κακοῦργος	^2	
κακοῦργος	a-s---fn-	κακοῦργος	^2	
κακόφρων	a-s---mn-	κακόφρων	^2	
κακόφρων	a-s---fn-	κακόφρων	^2	
κάλαμος	n-s---mn-	κάλαμος	^2^4	
καλέω	v1spia---	καλέω	^2	
καλλίνικος	a-s---mn-	καλλίνικος	_7	
καλλίνικος	n-s---mn-	καλλίνικος	_7	
κάματος	n-s---mn-	κάματος	^2^4	
κάρα	u--------	κάρα	^2_4	
κάρα	n-s---nn-	κάρα	^2_4	
κάρα	n-s---na-	κάρα	^2_4	
κάρα	n-s---nd-	κάρα	^2_4	
κάρα	n-s---nv-	κάρα	^2_4	
κάρα	n-p---na-	κάρα	^2_4	
καράτομος	a-s---fn-	καράτομος	^2_4	
κάρβανος	a-s---mn-	κάρβανος	_5	
κάρτα	u--------	κάρτα	^5	
κάρτα	d--------	κάρτα	^5	
κα	n-s---na-	κας	_2	
κασιγνήτη	n-s---fv-	κασιγνήτη	^2	
κασιγνήτη	n-s---fn-	κασιγνήτη	^2	
κασίγνητος	n-s---fn-	κασίγνητος	^2	
κασίγνητος	n-s---mg-	κασίγνητος	^2	
κασίγνητος	n-s---mn-	κασίγνητος	^2	
κασίγνητος	n-s---fg-	κασίγνητος	^2	
κατά	r--------	κατά	^2^4	
καταβόστρυχος	a-s---mn-	καταβόστρυχος	^10	
καταιβάτης	n-s---mn-	καταιβάτης	^7	
κατακούω	v1spia---	κατακούω	^4	
κατάρατος	a-s---fn-	κατάρατος	^4_6	
κατάστασις	n-s---fn-	κατάστασις	^7	
κάτθανε	v2sama---	κάτθανε	^5	
κατολοφύρομαι	v1spie---	κατολοφύρω	_8	
κατολοφύρομαι	v1spie---	κατολοφύρομαι	_8	
κατώρυχος	n-s---fg-	κατῶρυξ	^6	
κέαρ	n-s---nn-	κέαρ	^3	
κειμήλιον	n-s---na-	κειμήλιον	^7	
κελάδημα	n-s---na-	κελάδημα	^4	
κέλαδος	n-s---nn-	κέλαδος	^4	
κέλαδος	n-s---mn-	κέλαδος	^4	
κέρας	n-s---na-	κέρας	^4	
κέρας	n-s---nn-	κέρας	^4	
κηλὶς	n-s---fn-	κηλὶς	_4	
κηλὶς	n-s---fn-	κηλίς	_4	
κίναδος	n-s---na-	κίναδος	^2	
κινδύνευμα	n-s---nn-	κινδύνευμα	_5	
κλυδώνιον	a-s---na-	κλυδώνιος	^3	
κνέφας	n-s---nn-	κνέφας	^5	
κνέφας	n-s---na-	κνέφας	^5	
κοίρανος	n-s---mn-	κοίρανος	^5	
κοίρανος	a-s---fg-	κοίρανος	^5	
κοίρανος	n-s---fg-	κοίρανος	^5	
κόναβος	n-s---mn-	κόναβος	^4	
κόρακος	n-s---mg-	κόρακς	^4	
κραδίας	n-s---fg-	κραδία	^3	
κραδία	n-s---fn-	κραδίος	^3	
κράνος	n-s---na-	κράνος	^3	
κρατός	n-s---na-	κράς	_3	
κράτιστος	a-s---mns	κράτιστος	^3	
κράτος	n-s---na-	κράτος	^3	
κράτος	n-s---nv-	κράτος	^3	
κράτος	n-s---ng-	κράτος	^3	
κράτος	u--------	κράτος	^3	
κράτος	n-s---nn-	κράτος	^3	
κρίσις	n-s---fn-	κρίσις	^5	
κριτής	n-s---mn-	κριτής	^3	
κροκοβαφὴς	a-s---mn-	κροκοβαφής	^7	
κρύβδα	d--------	κρύβδα	^6	
κρύος	n-s---nn-	κρύος	^3	
κρύος	n-s---na-	κρύος	^3	
κρύπτω	v1spia---	κρύπτω	^3	
κρυφῇ	d--------	κρυφῇ	^3	
ἔκτα	v3saia---	κτείνω	^4	
κτύπημα	n-s---na-	κτύπημαον	^3	
κτύπος	n-s---mn-	κτύπος	^3	
κυανόπτερος	a-s---mn-	κυανόπτερος	^2^3	
κύκλος	n-s---mn-	κύκλος	^2	
κυναγέτας	n-p---ma-	κυναγέτης	_4_8	
κυνηγέτης	n-s---mn-	κυνηγέτης	^2	
κυνόφρων	a-s---fn-	κυνόφρων	^2	
Κύπριος	a-s---mn-	κύπριος	^5	
κυρία	a-s---fn-	κυρίος	_2	
κυρίως	d--------	κυρίως	_2	
κύτος	n-s---nn-	κύτος	^2	
κύτος	n-s---na-	κύτος	^2	
κύων	n-s---fn-	κύων	^2	
κύων	n-s---mn-	κύων	^2	
λαβρόσυτος	a-s---mn-	λαβρόσυτος	^7	
λάθα	v1saia---	λάθα	_4	
λαθίπονος	a-s---mn-	λαθίπονος	_2	
λακεῖν	v--ana---	λακεῖν	^2	
λακίς	n-s---fn-	λακίς	^2	
λάλημα	n-s---nn-	λάλημα	^2	
λακεῖν	v--ana---	λάσκω	^2	
Λατογενής	a-s---fn-	Λατογενής	_2	
λάφυρα	n-p---na-	λάφυρον	_4	
λείψανον	n-s---nn-	λείψανος	^5	
λείψανον	n-s---na-	λείψανον	^5	
λιβάς	n-s---fn-	λιβάς	^2	
Λιβύη	n-s---fn-	λιβύη	^2^4	
Λίβυς	n-s---mn-	λίβυς	^2^4	
λιμήν	n-s---mn-	λιμήν	^2	
λιμός	n-s---mn-	λιμός	_2	
λινορραφής	a-s---mn-	λινορραφής	^2^7	
λίνον	n-s---nn-	λίνον	^2	
λιπόναυς	v-sapamn-	λιπόναυς	^2	
λίπος	n-s---na-	λίπος	^2	
λιταίνω	v1spia---	λιταίνω	^2	
λοχαγέτας	n-p---fa-	λοχαγέτη	_4	
λοχαγέτας	n-p---ma-	λοχαγές	_4	
λοχαγός	n-s---mn-	λοχαγός	_4	
Λυδία	n-s---fn-	λυδία	_2	
λύκος	n-s---mn-	λύκος	^2	
λυμαντήριος	a-s---fn-	λυμαντήριος	_2	
λύπη	n-s---fn-	λύπη	_2	
λύσσα	n-s---fn-	λύσσα	^5	
λύσις	n-s---fn-	λύσις	^2^4	
μακαρία	a-p---na-	μακάριος	^2^4	
μακαρία	a-s---fn-	μακάριος	^2^4	
μακαρίζω	v1spia---	μακαρίζω	^2^4	
μακάριος	a-s---mn-	μακάριος	^2^4	
μάκαρος	n-s---mg-	μάκαρος	^2^4	
μαλακογνώμων	a-s---mn-	μαλακογνώμων	^2^4	
μανία	u--------	μανία	^2	
μανία	n-s---fn-	μανία	^2	
μανιάς	n-s---fg-	μανιά	^2	
μάντις	n-s---fn-	μάντις	^2^5	
μάντις	n-s---mn-	μάντις	^2^5	
μάρμαρον	n-s---na-	μάρμαρος	^5	
μαρμαρωπός	a-s---fn-	μαρμαρωπός	^5	
μάρτυρ	n-p---na-	μάρτυρ	^5	
μάρτυρ	n-s---ma-	μάρτυρ	^5	
μάρτυρος	n-s---mg-	μάρτυρος	^5	
μάρτυς	n-s---mn-	μάρτυς	^5	
μάταν	n-s---fa-	μάτα	^2_4	
μάταν	n-s---ma-	μάτα	^2_4	
μάταιος	u--------	μάταιος	^2	
μάταιος	a-s---fn-	μάταιος	^2	
μάταιος	a-s---mn-	μάταιος	^2	
μάταν	n-s---mv-	μάταν	^2_4	
μάταν	n-s---na-	μάταν	^2_4	
μάταν	n-s---mv-	μάτας	^2_4	
μάταν	n-s---fa-	μάτη	^2_4	
μάτην	d--------	μάτην	^2	
ματεύω	v1spia---	ματεύω	^2	
μάχη	n-s---fn-	μάχη	^2	
μάχη	u--------	μάχη	^2	
μεγαλόμητις	a-s---mn-	μεγαλόμητις	^4	
μεγαλόπολις	a-s---fn-	μεγαλόπολις	^4	
μεγαλόσπλαγχνος	a-s---fn-	μεγαλόσπλαγχνος	^4	
μεγαλώνυμος	a-s---fn-	μεγαλώνυμος	^4^8	
Μεγαρεύς	n-s---mn-	Μεγαρεύς	^4	
μέγας	u--------	μέγας	^4	
μέγας	a-s---mn-	μέγας	^4	
μέθυ	v2spma---	μέθυ	^4	
μέθυ	n-p---na-	μέθυ	^4	
μέλαθρον	n-s---nv-	μέλαθρον	^4	
μέλαθρον	n-s---nn-	μέλαθρον	^4	
μέλαθρον	n-s---na-	μέλαθρον	^4	
μελάναιγις	n-p---fd-	μελάναιγις	^4^9	
μέλαν	a-s---na-	μέλας	^4	
μέλαν	a-s---nn-	μέλας	^4	
μέλας	a-s---mn-	μέλας	_4	
μελεοπαθής	a-s---mn-	μελεοπαθής	^7	
μέλι	n-s---na-	μέλι	^4	
μέλισσα	n-s---fn-	μέλισσα	^7	
μεμηχανημένως	d--------	μεμηχανημένος	^6	
Μενέλαος	n-s---mn-	μενέλαος	_6	
μεσόμφαλος	a-s---fn-	μεσόμφαλος	^7	
μεταγράφω	v1spia---	μεταγράφω	^7	
μετάστασις	n-s---fn-	μετάστασις	^7	
μετόπιν	d--------	μετόπιν	^6	
μηδαμῇ	d--------	μηδαμῇ	^4	
μηδαμῇ	d--------	μηδαμῆ	^4	
μηδαμοῦ	d--------	μηδαμός	^4	
μηδαμοῦ	d--------	μηδαμοῦ	^4	
μηδαμῶς	d--------	μηδαμός	^4	
μητραλοίας	n-p---ma-	μητραλοίας	^5	
μηχανή	n-s---fn-	μηχανή	^4	
μηχανορράφος	a-s---mn-	μηχανορράφος	^4	
μηχάνημα	n-s---na-	μηχάνημα	^4	
μιαιφόνος	a-s---fn-	μιαιφόνος	^2	
μίσημα	n-s---na-	μίσημα	_2	
μίσημα	n-s---nv-	μίσημα	_2	
μνησιπήμων	a-s---mn-	μνησιπήμων	^5	
μόγις	d--------	μόγις	^4	
μόλις	d--------	μόλις	^4	
μόνιμος	a-s---mn-	μόνιμος	^4	
μόρσιμος	a-s---fn-	μόρσιμος	^5	
μόρσιμος	a-s---mn-	μόρσιμος	^5	
μυριόνταρχος	n-s---mn-	μυριόνταρχος	_2^4	
μυρίος	a-s---mn-	μυρίος	_2	
μύσος	n-s---na-	μύσος	^2	
μύσος	n-s---nn-	μύσος	^2	
μύσος	n-s---mn-	μύσος	^2	
μυχόθεν	d--------	μυχόθεν	^2	
μυχός	n-s---mn-	μυχός	^2	
ναός	u--------	ναός	_2	
ναός	n-s---mg-	ναός	_2	
ναός	n-s---fg-	ναός	_2	
νάπη	n-s---fd-	νάπη	^2	
νάπος	n-s---na-	νάπος	^2	
νάπη	n-s---fd-	νάπης	^2	
ναυβάτης	n-s---mn-	ναυβάτης	^5	
ναυτίλος	n-s---mn-	ναυτίλος	^5	
νεανίας	u--------	νεανίας	_3	
νεανίας	n-s---mn-	νεανίας	_3	
νεανίας	n-p---ma-	νεανίας	_3	
νέατος	a-s---mn-	νέατος	^3	
νεοσφαγής	a-s---fn-	νεοσφαγής	^6	
νήπιος	a-s---mn-	νήπιος	^4	
νίκη	n-s---fn-	νίκη	_2	
νιν	p-s---ma-	νιν	^2	
νιν	u--------	νιν	^2	
νιν	p-s---fa-	νιν	^2	
νιν	p-s---na-	νιν	^2	
νιν	p-p---na-	νιν	^2	
νιν	p-p---ma-	νιν	^2	
νοθαγενής	a-s---mn-	νοθαγενής	_4	
νυκτίπλαγκτος	a-s---mn-	νυκτίπλαγκτος	^5	
νύμφα	n-s---fn-	νύμφα	^5	
νυμφαγωγός	a-s---fn-	νυμφαγωγός	^5	
νύμφα	n-s---fv-	νύμφη	^5	
νύμφα	n-s---fn-	νύμφη	^5	
νυχεύω	v1spia---	νυχεύω	^2	
νώνυμος	a-s---mn-	νώνυμος	^4	
ξεναπάτης	v-sapamn-	ξεναπάτης	^4	
ξιφήρης	a-s---mn-	ξιφήρης	^2	
ξιφήρης	n-s---fg-	ξιφήρης	^2	
ξιφηφόρος	a-s---fn-	ξιφηφόρος	^2	
ξιφηφόρος	a-s---mn-	ξιφηφόρος	^2	
ξίφος	n-s---na-	ξίφος	^2	
ξίφος	n-s---nn-	ξίφος	^2	
ξόανον	n-s---na-	ξόανον	^3	
ξύνεσις	n-s---fn-	ξύγεσις	^2^6	
ξύλον	n-s---na-	ξύλον	^2	
ξυνών	v-sppamn-	ξυνών	_2	
ξυνών	v-sppamn-	ξυνώνμι	_2	
ξυνωρίς	v2spia---	ξυνωρίς	^2	
ξυνωρίς	n-s---fn-	ξυνωρίς	^2	
Ὄγκα	n-s---fn-	Ὄγκα	_4	
ὁδίτης	n-s---mn-	ὁδίτης	_3	
ὀδύνη	n-s---fn-	ὀδύνη	^3	
ὅθι	d--------	ὅθι	^3	
οἰακοστρόφος	a-s---fn-	οἰακοστρόφος	_3	
οἰακοστρόφος	a-s---mn-	οἰακοστρόφος	_3	
οἴκαδε	d--------	οἴκαδε	^4	
οἰκοφύλαξ	n-s---mn-	οἰκοφύλαξ	^6^8	
Οἰχαλία	n-s---fn-	οἰχαλία	^4	
ὀλιγάκις	d--------	ὀλιγάκις	^3^5^7	
ὀλοφύρομαι	v1spie---	ὀλοφύρομαι	_5	
ὁμήγυρις	n-s---fn-	ὁμήγυρις	^5	
ὁμιλία	n-s---fn-	ὁμιλία	_3	
ὅμιλος	n-s---mn-	ὅμιλος	_3	
ὄμμα	n-s---nn-	ὄμμα	^4	
ὄμμα	n-s---na-	ὄμμα	^4	
ὄμμα	n-s---nv-	ὄμμα	^4	
ὁμόγαμος	a-s---mn-	ὁμόγαμος	^5	
ὄμνυμι	v1spia---	ὄμνυμι	_4	
ὄναρ	n-s---na-	ὄναρ	^3	
ὄναρ	n-s---nn-	ὄναρ	^3	
ὄνασις	n-s---fn-	ὄνασις	_3	
ὀξύθυμον	a-s---na-	ὀξύθυμος	^5	
ὀξυθυμίας	n-s---fg-	ὀξυθυμία	^3_5	
ὀξύθυμος	a-s---fn-	ὀξύθυμος	_5	
ὀξύφρων	a-s---fn-	ὀξύφρων	^3	
ὀξύχολος	a-s---mn-	ὀξύχολος	^3	
ὀξύφωνος	a-s---mn-	ὀξύφωνος	^3	
ὁπόταν	c--------	ὁόταν	^5	
ὁπόταν	d--------	ὁόταν	^5	
ὁπόθι	d--------	ὁπόθι	^5	
ὁπλίτης	n-s---mn-	ὁπλίτης	_4	
ὁπλίτης	a-s---mn-	ὁπλίτης	_4	
ὀρειβάτης	n-s---fn-	ὀρειβάτης	^6	
ὁρμαθῶ	v1sasa---	ὁρμαθῶ	_4	
ὀρφανός	a-s---mn-	ὀρφανός	^4	
ὅτι	c--------	ὅτι	^3	
ὅτι	d--------	ὅτι	^3	
ὅτι	p-s---na-	ὅτις	^3	
ὅτι	u--------	ὅτι	^3	
οὐδαμῇ	d--------	οὐδαμῇ	^4	
οὐδαμῶς	d--------	οὐδαμῶς	^4	
οὐδαμοῦ	d--------	οὐδαμοῦ	^4	
οὐδαμοῦ	a-s---mg-	οὐδαμός	^4	
οὐρανομήκης	a-s---fn-	οὐρανομήκης	^4	
οὐριβάτας	n-p---ma-	οὐριβάτας	^4	
ὄφρα	c--------	ὄφρα	^4	
ὄψανον	n-s---nn-	ὄψανον	^3	
πάγος	n-s---mn-	πάγος	^2	
πάγχυ	d--------	πάγχυ	^5	
πάθη	u--------	πάθη	^2	
πάθημα	n-s---na-	πάθημα	^2	
πάθη	n-p---nn-	πάθος	^2	
πάθη	n-p---na-	πάθος	^2	
πάθος	u--------	πάθος	^2	
πάθος	n-s---na-	πάθος	^2	
πάθος	n-s---nn-	πάθος	^2	
πάλαι	d--------	πάλαι	^2	
πάλαι	u--------	πάλαι	^2	
παλαιγενής	a-s---mn-	παλαιγενής	^2	
παλαιότης	n-s---fn-	παλαιότης	^2	
παλαιός	a-s---mn-	παλαιός	^2	
παλαιόφρων	a-s---mn-	παλαιόφρων	^2	
παλαίτερος	a-s---mn-	παλαίτατος	^2	
παλαίφατος	a-s---mn-	παλαίφατος	^2^7	
παλαίφατος	a-s---fn-	παλαίφατος	^2^7	
παλαίχθων	v-sppamn-	παλαίχθω	^2	
πάλιν	u--------	πάλιν	^4	
πάλιν	d--------	πάλιν	^4	
παλίνορτος	a-s---fn-	παλίνορτος	^2^4	
παλίντροπος	a-s---mn-	παλίντροπος	^2	
παλίσσυτος	a-s---mn-	παλίσσυτος	^2^7	
πάμπαν	d--------	πάμπαν	^5	
παμφαής	n-s---fg-	παμφαή	^5	
πάμψυχος	a-s---mn-	πάμψυχος	_5	
πανάγυρις	n-s---fn-	πανάγυρις	_4	
πανάθλιος	a-s---mn-	πανάθλιος	^2	
παναίτιος	a-s---mn-	παναίτιος	^2	
παναρκέτας	a-p---ma-	παναρκέτες	^2	
πανδάκρυτος	a-s---fn-	πανδάκρυτος	^2_8	
πανδαμάτωρ	a-s---mn-	πανδαμάτωρ	^2^5^7	
πανδαμεί	d--------	πανδαμεί	^2_5	
πανήμερος	a-s---mn-	πανήμερος	^2	
παννύχιος	a-s---fn-	παννύχιος	^5	
πανίμερος	a-s---mn-	πανίμερος	^2_4	
πάνοπλος	a-s---mn-	πάνοπλος	^2	
πανοίμοι	a-p---mn-	πανοίμος	^2	
πάνοπλος	a-s---fn-	πάνοπλος	^2	
πάνοιζυς	d--------	πάνοιζυς	^2	
πανοῦργος	a-s---mn-	πανοῦργος	^2	
πανοῦργος	a-s---fn-	πανοῦργος	^2	
πανταχοῦ	d--------	πανταχοῦ	^5	
πάνυ	d--------	πάνυ	^2^4	
πανώλης	a-s---mn-	πανώλης	^2	
πανώλης	a-s---fn-	πανώλης	^2	
πανώλεθρος	a-s---fn-	πανώλεθρος	^2	
πανώλεθρος	a-s---mn-	πανώλεθρος	^2	
παπαῖ	i--------	παπαῖ	^2	
παπαῖ	a-p---mv-	παπαῖ	^2	
παρά	r--------	παρά	^2	
παραγκάλισμα	n-s---nn-	παραγκάλισμα	^7	
παραμύθιον	u--------	παραμύθιον	_6	
παράνοια	n-s---fd-	παράνοια	^8	
παραστάτης	v-sapamn-	παραστάτης	^2^7	
παραστάτις	n-s---fn-	παραστάτις	^7^9	
πάραυτα	d--------	πάραυτα	^7	
παραυτίκα	d--------	παραυτίκα	^9	
παραψυχή	n-s---fn-	παραψυχή	^6	
παρών	v-sppamn-	πάρειμι	^2	
παρών	v-sppamn-	παρών	^2	
παρών	u--------	παρών	^2	
ἔπαθον	v1saia---	πάσχω	^3	
πάταγος	n-s---mn-	πάταγος	^4	
πατήρ	n-s---mn-	πατήρ	^2	
πατήρ	u--------	πατήρ	^2	
πεδιάς	n-s---fn-	πεδιάς	^4	
πελάγιος	a-s---mn-	πελάγιος	^4	
πέλαγος	n-s---nn-	πέλαγος	^4	
πέλαγος	u--------	πέλαγος	^4	
πέλαγος	n-s---na-	πέλαγος	^4	
πέλας	u--------	πέλας	^4	
πέλας	r--------	πέλας	^4	
πέλας	d--------	πέλας	^4	
πένθιμος	n-s---mn-	πένθιμος	^5	
πεντάκις	d--------	πεντάκις	^7	
πέρα	v3spia---	πέρα	_4	
πέρα	u--------	πέρα	_4	
πέρα	d--------	πέρα	_4	
πέρα	v--pna---	πέρα	_4	
πέρα	r--------	πέρα	_4	
πέρα	v2spma---	πέρα	_4	
πέραθεν	d--------	πέραθενν	_4	
πέραν	d--------	πέραν	_4	
πέραν	r--------	πέραν	_4	
πέρας	n-s---na-	πέρας	^4	
περιπτυχής	a-s---mn-	περιπτυχής	^7	
περιστιχίζω	v1spia---	περιστιχίζω	^7	
περιώδυνος	a-s---mn-	περιώδυνος	^7	
Πιερία	n-s---fn-	Πιερίος	_2	
πιθών	v-sapamn-	πιμθάνω	^2	
πίνος	n-s---mn-	πίνος	^2	
πίστις	n-s---fn-	πίστις	^2^5	
πίσυνος	a-s---fn-	πίσυνος	_2^4	
πίσυνος	a-s---mn-	πίσυνος	_2^4	
πίτυλος	n-s---mn-	πίτυλος	^2^4	
πίτυλος	a-s---mn-	πίτυλος	^2^4	
πλάνημα	n-s---nn-	πλάνημα	^3	
πλάνης	n-s---fg-	πλάνη	^3	
πλάνης	n-s---fg-	πλάνης	^3	
πλάτας	n-p---fa-	πλάτη	^3	
πλόκαμος	n-s---mn-	πλόκαμος	^5	
πόθι	d--------	πόθι	^4	
ποικιλείμων	a-s---fn-	ποικιλείμων	^5	
ποικιλόνωτος	a-s---mn-	ποικιλόνωτος	^5	
ποικίλος	a-s---mn-	ποικίλος	^5	
ποικιλόφρων	a-s---mn-	ποικιλόφρων	^5	
ποιμάνωρ	n-s---mn-	ποιμάνωρ	_5	
ποινά	u--------	ποινά	_5	
ποινά	n-s---fn-	ποινά	_5	
ποινάτωρ	n-s---mn-	ποινάτωρ	_5	
ποίνιμος	a-s---fn-	ποίνιμος	^5	
πολίτης	n-s---mn-	πολίτης	_4	
πολλάκι	d--------	πολλάκις	^5	
πολλάκις	u--------	πολλάκις	^5	
πολλαχοῦ	d--------	πολλαχοῦ	^5	
πολλάκις	d--------	πολλάκις	^5	
πολυαίμων	a-p---mg-	πολυαίμων	^4	
πολυάχητος	a-s---mn-	πολυάχητος	^4	
πολύδακρυς	a-s---mn-	πολύδακρυς	^4^9	
πολυδάκρυτος	a-s---fn-	πολυδάκρυτος	^4_9	
Πολυδεύκης	n-s---mn-	Πολυδεύκης	^4	
πολύθυτος	a-s---fn-	πολύθυτος	^6	
πολύκλαυτος	a-s---fn-	πολύκλαυτος	^4	
πολύκρανος	a-s---mn-	πολύκρανος	^4_7	
πολύπονος	a-s---fn-	πολύπονος	^4	
πολύπονος	a-s---mn-	πολύπονος	^4	
πολυστάφυλος	a-s---fn-	πολυστάφυλος	^9	
πολύχειρ	n-s---fn-	πολύχειρ	^4	
πολύχειρ	n-s---mn-	πολύχειρ	^4	
πολύχρυσος	a-s---fn-	πολύχρυσος	_7	
πόμπιμος	a-s---mn-	πόμπιμος	^5	
πόριμος	a-s---mn-	πόριμος	^4	
πόρτις	n-s---fn-	πόρτις	^5	
πόρτις	n-s---mn-	πόρτις	^5	
πορφυρόστρωτος	a-s---mn-	πορφυρόστρωτος	^5	
ποταμός	n-s---mn-	ποταμός	^4	
πότνα	n-s---fn-	πότνα	^5	
πρέσβυς	n-s---mn-	πρέσβυς	^6	
Πρίαμος	n-s---mn-	πρίαμος	^3^4	
προβατογνώμων	n-s---mn-	προβατογνώμων	^5	
πρόθυμα	a-p---na-	πρόθυμος	_5	
προθυμία	n-s---fn-	προθυμία	_5	
προθυμία	u--------	προθυμία	_5	
πρόθυμος	a-s---fn-	πρόθυμος	_5	
πρόθυμος	a-s---mn-	πρόθυμος	_5	
προλάζυμαι	v1spie---	προλάζυμαι	^7	
προμάτωρ	n-s---mn-	προμάτωρ	_5	
προμάτωρ	n-s---fn-	προμάτωρ	_5	
πρόμαχος	a-s---mn-	πρόμαχος	^5	
πρόπαρ	r--------	πρόπαρ	^5	
πρόπας	a-s---mn-	πρόπας	_5	
προστάτης	a-s---mn-	προστάτης	^6	
προστάτης	n-s---mn-	προστάτης	^6	
προσφίλεια	a-p---nn-	προσφίλειος	^6	
προσφιλής	a-s---mn-	προσφιλής	^6	
πρόφασις	n-s---fn-	πρόφασις	^5	
πρύτανις	n-s---mn-	πρύτανις	^3^5^7	
Πύθιος	n-s---mn-	πύθιος	^4	
Πυθώδε	d--------	Πυθώδε	_2	
πυριφλέγων	a-p---mg-	πυριφλέγος	^2	
πυρός	u--------	πυρός	_2	
ῥᾴθυμος	a-s---fn-	ῥᾴθυμος	_4	
ῥάκος	n-s---na-	ῥάκος	^2	
ῥαφεύς	v2spia---	ῥαφύς	^2	
ῥίμφα	d--------	ῥίμφα	^5	
ῥυσιάζω	v1spia---	ῥυσιάζω	_2^4	
ῥυσίπολις	n-s---mn-	ῥυσίπολις	_2	
σάκος	n-s---nn-	σάκος	^2	
σάκος	n-s---nv-	σάκος	^2	
σάκος	n-s---na-	σάκος	^2	
Σαλαμίς	n-s---fv-	σαλαμίς	^2^4	
σάφα	d--------	σάφα	^4	
σαφής	a-s---mn-	σαφής	^2	
σαφής	u--------	σαφής	^2	
σειραφόρος	a-s---mn-	σειραφόρος	_5	
σεμνότιμος	a-s---mn-	σεμνότιμος	_7	
σιγή	n-s---fn-	σιγή	_2	
σιγητέον	a-s---nn-	σιγητέος	_2	
σιγηλός	a-s---mn-	σιγηλός	_2	
σίδαρος	n-s---mn-	σίδαρος	_4	
σιδηρόφρων	a-s---mn-	σιδηρόφρων	^2	
σίδηρος	n-s---mn-	σίδηρος	^2	
σιωπή	n-s---fd-	σιωπή	^2	
σιωπῶ	v1spia---	σιωπέω	^2	
σιωπῶ	v1spia---	σιωπῶ	^2	
σκαφεύς	n-s---mn-	σκαφεύς	^3	
σκάφη	n-p---nn-	σκάφη	^3	
σκάφη	n-p---na-	σκάφη	^3	
σκάφος	n-s---nn-	σκάφος	^3	
σκάφος	n-s---mn-	σκάφος	^3	
σκάφος	u--------	σκάφος	^3	
σκάφος	n-s---na-	σκάφος	^3	
σκιά	u--------	σκιά	^3	
σκιώδης	a-s---fn-	σκιώδης	^3	
σμικρός	a-s---mn-	σμικρός	_3	
σπάνιος	a-s---mn-	σπάνιος	^3	
σπάνις	n-s---fn-	σπάνις	^3	
σταγών	v-sppamn-	σταγώ	^3	
σταγών	n-p---mg-	σταγών	^3	
σταδαῖος	a-s---mn-	σταδαῖος	^3	
σταλάσσω	v1sfia---	σταλάσω	^3	
στασίαρχος	n-s---mn-	στασίαρχος	^3	
στάσις	n-s---fn-	στάσις	^3	
στεγανός	a-s---mn-	στεγανός	^5	
στέφανος	n-s---mn-	στέφανος	^5	
στεφάνωμα	n-s---na-	στεφάνωμα	^5	
στράτευμα	n-s---nn-	στράτευμα	^4	
στράτευμα	n-s---na-	στράτευμα	^4	
στρατεία	n-s---fd-	στρατείον	^4	
στρατήγιον	n-s---na-	στρατήγιον	^4	
στρατηγός	n-s---mn-	στρατηγός	^4	
στρατηλάτης	n-s---mn-	στρατηλάτης	^4	
στρατιά	n-s---fn-	στρατιά	^4	
στρατόμαντις	n-s---mn-	στρατόμαντις	^4	
στρατόπεδον	n-s---na-	στρατόπεδον	^4	
στρατόπεδον	n-s---nn-	στρατόπεδον	^4	
στρατός	u--------	στρατός	^4	
στρατός	n-s---mn-	στρατός	^4	
Στρυμών	n-s---mn-	Στρυμών	_4	
Στρυμών	v-sppamn-	Στρυμών	_4	
σύγγαμος	a-s---mn-	σύγγαμος	^5	
σύγγαμος	n-s---mn-	σύγγαμος	^5	
συγκαλυπτέος	a-s---mg-	συγκαλυπτής	^5	
συγκασιγνήτη	n-s---md-	συγκασιγνήτη	^5	
σύμμαχος	u--------	σύμμαχος	^5	
σύμμαχος	a-s---fn-	σύμμαχος	^5	
σύμμαχος	a-s---mn-	σύμμαχος	^5	
σύμπας	a-s---mn-	σύμπας	_5	
συμφορά	n-s---fn-	συμφορα	^2_7	
συμφορά	n-s---fn-	συμφορά	^2_7	
συμφορά	a-s---fn-	συμφορός	^2_7	
σύμφυτον	a-s---ma-	σύμφυτος	^5	
σύμφυτον	a-s---na-	σύμφυτος	^5	
σύμφυτος	a-s---mn-	σύμφυτος	^5	
ξυνών	v-sppamn-	σύνειμι	_2	
σύνεσις	n-s---fn-	σύνεσις	^2^6	
σύνθακος	a-s---mn-	σύνθακος	_5	
σφαγεῖον	n-s---na-	σφαγεῖον	^3	
σφαγεῖον	n-s---na-	σφαγέον	^3	
σφάγιον	a-s---na-	σφάγιος	^3	
σφάγιον	a-s---ma-	σφάγιος	^3	
σφάγιον	n-s---na-	σφάγιος	^3	
σφαγίς	n-p---fn-	σφαγίς	^3	
σφάκελος	n-s---fn-	σφάκελος	^3	
σφάκελος	a-s---mn-	σφάκελος	^3	
σφόδρα	d--------	σφόδρα	^6	
σχέτλιος	a-s---mn-	σχέτλιος	^6	
σωφροσύνα	n-s---fn-	σωφροσύνα	^7_9	
ταγοῦχος	n-s---mn-	ταγοῦχος	^2	
ταγός	n-s---mn-	ταγός	_2	
ταλαίφρων	a-s---fv-	ταλαίφρων	^2	
ταλαίφρων	n-s---fn-	ταλαίφρων	^2	
ταλαίφρων	n-s----n-	ταλαίφρων	^2	
ταλακάρδιος	a-s---mn-	ταλακάρδιος	^2^4	
ταλαντοῦχος	a-s---fn-	ταλαντοῦχος	^2	
ταμίας	a-s---mn-	ταμίας	^2^4_5	
Τάνταλος	n-s---mn-	Τάνταλος	^5	
ταπεινός	a-s---mn-	ταπεινός	^2	
τάραγμα	n-s---na-	τάραγμα	^2	
ταυρόκρανος	a-s---mn-	ταυρόκρανος	_8	
τάφος	u--------	τάφος	^2	
τάφος	n-s---mn-	τάφος	^2	
τάχα	u--------	τάχα	^4	
τάχα	d--------	τάχα	^4	
τάχος	n-s---na-	τάχος	^2	
τάχος	n-s---nn-	τάχος	^2	
ταχύπορος	a-s---mn-	ταχύπορος	^2^4	
ταχύπορος	a-s---fn-	ταχύπορος	^2^4	
ταχύπους	a-s---mn-	ταχύπους	^2^4	
ταχύρρωστος	a-s---fn-	ταχύρρωστος	^2^4	
ταχύς	a-s---mn-	ταχύς	^2^4	
τέσσαρες	n-p---mn-	τέσσαρες	^5	
τετράποδος	n-s---mg-	τετράπος	^5	
τηνικαῦτα	d--------	τηνικαῦτα	^4	
τιθήνη	n-s---fn-	τιθήνη	^2	
τίθημι	v1spia---	τίθημι	^2	
τιμάορος	a-s---mn-	τιμάορος	_2	
τιμή	u--------	τιμή	_2	
τίμιος	a-s---mn-	τίμιος	_2	
τίμιος	a-s---fn-	τίμιος	_2	
τιμωρία	u--------	τιμωρία	_2	
τις	u--------	τις	^2	
τις	a-s---fn-	τις	^2	
τις	p-s---mn-	τις	^2	
τις	p-s---fn-	τις	^2	
τίς	p-s---mn-	τις	^2	
τίς	u--------	τίς	^2	
τίς	p-s---mn-	τίς	^2	
τίς	p-s---fn-	τίς	^2	
τίς	a-s---fn-	τίς	^2	
τις	p-s---mn-	τὶς	^2	
τις	a-s---mn-	τὶς	^2	
τλησικάρδιος	a-s---mn-	τλησικάρδιος	^5	
τόθι	d--------	τόθι	^4	
τόλμα	n-s---fd-	τόλμα	^5	
τόλμα	v3spsa---	τόλμα	^5	
τόλμα	n-s---fn-	τόλμα	^5	
τόλμα	u--------	τόλμα	^5	
τόλμα	v2spma---	τόλμα	^5	
τοξοδάμας	n-s---mn-	τοξοδάμας	_8	
τοὐξύθυμον	a-s---nn-	τοὐξύθυμος	_7	
τράπεζα	n-s---fn-	τράπεζα	^3^7	
Τραχίς	a-s---mn-	Τραχίς	_3_5	
τραχύς	a-s---mn-	τραχύς	_3	
τριβήν	n-s---fa-	τριβή	^3	
τρικόρυθος	a-s---mn-	τρικόρυθος	^7	
τρικυμία	n-s---fn-	τρικυμία	^3_5	
τρίμηνος	a-s---mn-	τρίμηνος	^3	
τρίπους	n-s---mn-	τρίπους	^3	
τρόφιμος	a-s---mn-	τρόφιμος	^5	
τροχηλάτης	n-s---mn-	τροχηλάτης	^7	
τρυσάνωρ	n-s---mn-	τρυσάνωρ	_3	
τρύφημα	n-s---na-	τρύφημα	^3	
τύπος	u--------	τύπος	^2	
τύπωμα	n-s---na-	τύπωμα	^2	
τύπος	n-s---mn-	τύπος	^2	
τυραννικός	a-s---mn-	τυραννικός	^2	
τυραννίς	n-s---fn-	τυραννίς	^2	
τύραννος	n-s---mn-	τύραννος	^2	
τύραννος	n-s---fn-	τύραννος	^2	
Τυφῶν	n-s---ma-	Τυφῶν	_2	
ὕβρις	n-s---fn-	ὕβρις	^1	
ὕδωρ	n-s---na-	ὕδωρ	^1	
ὕδωρ	n-s---nn-	ὕδωρ	^1	
ὕδωρ	u--------	ὕδωρ	^1	
ὕλιμος	a-s---fn-	ὕλιμος	_1	
ὑπαγκάλισμα	n-s---na-	ὑπαγκάλισμα	^6	
ὑπαγκάλισμα	n-s---nv-	ὑπαγκάλισμα	^6	
ὕπαρ	r--------	ὕπαρ	^3	
ὕπατος	a-s---mn-	ὕπατος	^1^3	
ὑπὲρ	r--------	ὑπέρ	^1	
ὑπέρ	r--------	ὑπέρ	^1	
ὑπερβάλλω	v1spia---	ὑπερβάλλω	^6	
ὑπερβασία	n-s---fn-	ὑπερβασία	^6	
ὑπέρ	r--------	ὑπέρν	^1	
ὑπεύθυνος	a-s---mn-	ὑπεύθυνος	_6	
ὕπνος	u--------	ὕπνος	^1	
ὕπνος	n-s---mn-	ὕπνος	^1	
ὑπό	r--------	ὑπό	^1	
ὑπόδικος	a-s---mn-	ὑπόδικος	^5	
ὕφασμα	n-s---na-	ὕφασμα	^1^6	
ὕφασμα	n-s---nn-	ὕφασμα	^1^6	
ὑψίπολις	a-s---mn-	ὑψίπολις	^3	
ὕψος	n-s---na-	ὕψος	^1	
φανοίην	v1saoa---	φαίνω	^2	
φάλαρον	n-s---na-	φάλαρος	^4	
φαναῖος	a-s---mn-	φαναῖος	^2	
φανερός	a-s---mn-	φανερός	^2	
φάντασμα	n-s---na-	φάντασμα	^5	
φαρέτρα	n-p---nn-	φαρέτρον	^2	
φάρμακον	n-s---na-	φάρμακον	^5	
φάρμακον	n-s---nn-	φάρμακον	^5	
φερέγγυος	a-s---fn-	φερέγγυος	^7	
φερέγγυος	a-s---mn-	φερέγγυος	^7	
φιλαίτιος	a-s---mn-	φιλαίτιος	^2	
φίλαυλος	a-s---mn-	φίλαυλος	^2	
φίλημα	n-s---na-	φίλημα	^2	
φιλητέον	a-s---nn-	φιλητέος	^2	
φιλήτης	a-s---mn-	φιλήτης	_2	
φιλία	n-s---fn-	φιλία	^2	
φιλία	a-s---fn-	φιλία	^2	
φιλία	a-p---nv-	φιλία	^2	
φιλόδυρτος	a-s---mn-	φιλόδυρτος	^2	
φιλοικτίρμων	v-sppamn-	φιλοικτίρμω	^2	
φιλόξενος	a-s---mn-	φιλόξενος	^2	
φιλοπάτωρ	n-s---mn-	φιλοπάτωρ	^2	
φίλορνις	n-s---fn-	φίλορνις	^2	
φιλότεκνος	a-s---mn-	φιλότεκνος	^2	
φιλοφόρμιγξ	a-s---mn-	φιλοφόρμιγξ	^2	
φιλότιμος	a-s---mn-	φιλότιμος	^2_6	
φιλόφρων	a-s---mn-	φιλόφρων	^2	
φιλόχορος	a-s---mn-	φιλόχορος	^2	
φιλόψογος	a-s---fn-	φιλόψογος	^2	
φιλόψυχος	a-s---fn-	φιλόψυχος	^2_6	
φίλτατος	a-s---mns	φίλτατος	^5	
φίλτατος	a-s---mn-	φίλτατος	^5	
φίλτρον	n-s---na-	φίλτρον	^2	
φίλτρον	n-s---nn-	φίλτρον	^2	
φίτυμα	n-s---nn-	φίτυμα	_4	
φρενοδαλής	n-s---fg-	φρενοδαλή	_7	
φρενομανής	a-s---fn-	φρενομανής	^7	
πέφρικα	v1sria---	φρίσσω	_5	
Φρύγιος	a-s---mn-	Φρύγιος	^3	
φυγάς	n-p---fa-	φυγάς	^2	
φυγάς	n-s---fn-	φυγάς	^2	
φυγάς	u--------	φυγάς	^2	
φύγδα	n-s---ma-	φύγδα	^5	
φυγή	u--------	φυγή	^2	
φύλαξ	u--------	φύλαξ	^2^4	
φύλαξ	n-s---fn-	φύλαξ	^2^4	
φύλαξ	v2sfim---	φύλαξ	^2^4	
φύλαξ	n-s---mn-	φύλαξ	^2^4	
φυλάσσω	v1spia---	φυλάσσω	^2	
φύξιμος	a-s---mn-	φύξιμος	^4	
φύσις	n-s---fn-	φύσις	^2^4	
φυτάλμιος	a-s---mn-	φυτάλμιος	^2	
φύσις	n-s---fv-	φύσις	^2^4	
φυτόν	u--------	φυτόν	^2	
φυτόν	a-s---ma-	φυτός	^2	
χαλινωτήρια	n-p---na-	χαλινωτήριον	^2_4	
χαμάδις	d--------	χαμάδις	^2^6	
χαμᾶζε	d--------	χαμᾶζε	^2	
χαρά	u--------	χαρά	^2	
χαρά	n-s---fn-	χαρά	^2	
χαρακτήρ	n-s---mn-	χαρακτήρ	^2^4	
χάρις	u--------	χάρις	^2^4	
χάρις	n-s---fn-	χάρις	^2^4	
χάριτος	n-s---fg-	χάρις	^4	
χάριτος	u--------	χάριτος	^4	
χιλιόναυς	a-p---ma-	χιλιόναυς	_2	
χιλίαρχος	n-s---mn-	χιλίαρχος	_2	
Χίος	n-s---fn-	Χίος	^2	
χρυσοῦς	a-p---ma-	χρύσεος	_3	
χρυσήλατος	a-s---fn-	χρυσήλατος	_3^7	
χρυσοπήληξ	n-s---mv-	χρυσοπήληξ	_3	
χρυσός	n-s---mn-	χρυσός	_3	
χρυσοφαής	a-s---fn-	χρυσοφαής	_3^7	
ψάλιον	n-s---na-	ψάλιον	^2	
ψευδώνυμος	a-s---fn-	ψευδώνυμος	^7	
ψιλός	a-s---mn-	ψιλός	_2	
ψυχή	n-s---fn-	ψυχή	_2	
ψυχή	n-s---fv-	ψυχή	_2	
ψυχή	n-s---fd-	ψυχή	_2	
ψυχρός	a-s---mn-	ψυχρός	_2	
Ὠαρίων	n-p---mg-	Ὠαρίων	^2	
ὠκύπους	a-s---mn-	ὠκύπους	^3	
ὠκυτόκος	a-s---mn-	ὠκυτόκος	^3	
ὠμοδακής	n-s---mn-	ὠμοδακής	^5	